column_label,song_id,artist_id,artist_name
1,1rv8gDS7RRBKQ9smjyZPYz,5AXHArSOd9lplw0Y5Qt5Eg,Calyx & TeeBee
1,1rv8gDS7RRBKQ9smjyZPYz,4bDIa9DUALtIzx0wjzdppY,Mortlock
1,1fRZ4y6sRloUW0zbVNJUyc,6XjhlsrC3cf6en46X69rMd,Michael Fearon
1,1fRZ4y6sRloUW0zbVNJUyc,7Kn3pqrd7mAqNAbRAYllTB,Isabel Oliver
1,5oc3eXPs1Sgk5stIJXtPxJ,3uo0ix4Y67XHVWBhXXIY1S,Xavier Wulf
1,5oc3eXPs1Sgk5stIJXtPxJ,7Fx7ZCiOsh5eVpFuK25VD6,Idontknowjeffery
1,4UABAWtzMYYYyFsEuANXTp,0ZgQaqSWlv12QAgT4CdopF,Myro
1,4UABAWtzMYYYyFsEuANXTp,4jqCEZncUglElRJKDYCVIq,Bar9
1,4d4ZZl3zgY1NTGIbUaczP5,2UgphhGSlC9QWgaZWUOCkl,Franky Rizardo
1,3Qu1n0MaKSM8dpHzl6hLpX,3fHjwMnkM9ov8CozqkYxWY,Ramriddlz
1,3Qu1n0MaKSM8dpHzl6hLpX,0gCGZZ1Ibo5QsOnll977PD,KILLY
1,1jkGlmWICe5TLtGryJ98t7,361kscBTEw82NTOFS8hq0D,Tokyo Prose
1,5VO6wMt2u3SLMYUS1HqZHn,34cffv6WdKugNqZRYwIs8A,Mike Van Fabio
1,5VO6wMt2u3SLMYUS1HqZHn,7IWahSZj6TRHUDRfvTEPY4,Elles De Graaf
1,5VO6wMt2u3SLMYUS1HqZHn,4LVILrg84B7z0b1rOq7yYF,Matt Bukovski
1,2mfXGVWBC1O5daEdQnEK2C,4SPIrsUTKZNnGGxukh4hmQ,Subverso
1,2mfXGVWBC1O5daEdQnEK2C,44ZJiYyBwvzG4T52wme90c,VEGAS
1,1iOiwVWx7WggyyJA00Clj9,4AgEF49juDBIfJUoPCPncc,Badklaat
1,1iOiwVWx7WggyyJA00Clj9,7dtX3ykcuyVmts2HQnWgSP,Kompany
1,5ZaHH3LKFf80Fm1tx3Vow7,2ZZlJeWj28TKhSUw8bPwTo,Audiotec
1,3480NGhRuKeuCKSbfySVvh,4r63FhuTkUYltbVAg5TQnk,DaBaby
1,2uIxdrO5xr6Fqn6l8V4I3i,5fasubnSIOTRYlIZA17ong,Ann Clue
1,2uIxdrO5xr6Fqn6l8V4I3i,6caPJFLv1wesmM7gwK1ACy,Boris Brejcha
1,22LAwLoDA5b4AaGSkg6bKW,5zctI4wO9XSKS8XwcnqEHk,Lil Mosey
1,6djOXakQFRVgXcY5qVBmTh,2Zxy5LwBatI5kw4uponwHQ,Riot Ten
1,6djOXakQFRVgXcY5qVBmTh,286Ranmy5NZOVyIwNwAUE4,YDG
1,2nz2kaJL5Ts382FiUbm0pi,7F6nxkPQrlh4qWDetjgnpX,The Prototypes
1,0CNSsEEd6wV8RZg09SFybt,0ntlfibisyrRnv8MFRHdti,Heider
1,4E5mWUaSU1vnfp2PBPzRNN,7ynEfF5AwES4IysK0td81g,Juized
1,6l8McJSn8BgCTTewysSusR,21dooacK2WGBB5amYvKyfM,Smokepurpp
1,6l8McJSn8BgCTTewysSusR,0Y5tJX1MQlPlqiwlOH1tJY,Travis Scott
1,4ILWB5yGgyGD5I52hHSsWU,6AKWjx5wmOI3bCeLrxFjgv,Great Dane
1,5f23SzFlXJHVs2tVs6UOjn,1Uk4IDpF1OIuTzANugS5JC,Bass Modulators
1,2W58HMaCbjcUfZnZaeHtcC,20qISvAhX20dpIbOOzGK3q,Nas
1,3ctHq3dW1l745lpETPyWe2,55SDgogZ1SRUhIgmGvLyhD,Electric Universe
1,3YQ631Bt9NSjv4uOOIgP4q,2NCerM6sPl0bsa2XzOKrTY,Lost Witness
1,3YQ631Bt9NSjv4uOOIgP4q,6wmyaMNIjZ26DmwgQDWKoE,Tiff Lacey
1,3YQ631Bt9NSjv4uOOIgP4q,0JPvNwbmTynIP82ERIME26,Zetandel
1,6xMhz6QYbROAulH8e1L1BC,0bnalQqSqEwN5m5Awd1jFf,Dynamic
1,6Dfgab32CaQBEiATehVPPr,37kQjANSQM1tmkTwvB5M96,Protoculture
1,5tI57eNxfCEtLflspzJCe1,3YZPramylP3cGeVkbykhVZ,Franky Nuts
1,0hUepWE4GoMwtKgU8vE617,7ibAWtDtmEfaVhc1FJ3Vl9,Eric Bellinger
1,0hUepWE4GoMwtKgU8vE617,0uT3QSrGqBESB5s0XMa3WK,Aroc!
1,3cQTUH7nOQtxIw05GDioKU,1JIkYqcBd6oK502lNnLeid,Nikolauss
1,7ufrMiqUxD8cz6v3MUt5sc,3NJ94iuAmmMjbszODYT6pO,Subtronics
1,16iLIixDhjrx9gYaAJyM5u,0dlDsD7y6ccmDm8tuWCU6F,Freddie Dredd
1,4wO27KFXjcHgKvvse6KE6G,5SlQDGsmXtYV0tkmmhnkRx,Psyfiction
1,7edcpn56ZmtEOHAMRMVeyw,06EfEcjc0vdvI6VNL0soIO,Rameses B
1,3mTxnOaSLMtl71UAOnkjun,7ibAWtDtmEfaVhc1FJ3Vl9,Eric Bellinger
1,0HPHhlZGGBUidWeDdW7MRN,6QXqARXg4hZ3oAUitm2gU0,Julian Wassermann
1,22jncxdnLZW9ym2MbqKQrQ,4lC8Q0azW5ij2e1skZo377,Stonebank
1,5DwWqxlff3SA0EbUrT4IzA,3ipn9JLAPI5GUEo4y4jcoi,Ludacris
1,5DwWqxlff3SA0EbUrT4IzA,4gpDA7R5796e6zbvZxGNga,Shawnna
1,0WUOJgEDAWUJMFCSeELLq6,7sK4hnuUOXw6VStDw0q8NI,Hannah Wants
1,0WUOJgEDAWUJMFCSeELLq6,26OGW7G9W6HKQ3yjQ2CEkX,Eskuche
1,5nhKTXNuUK9gYaHIfGRSdC,4hhz8g2hY6WFeJEIdpXCzm,Elestu
1,1evNEqx7cBBpM4364ayDqP,07l5dehvaI0bMl8JDwKh82,Robbioso
1,2fxHgLbnvfA49pyncjVg1f,4sG9agogIDkUUMue48GVfP,Fast & Furious
1,4JhRE5Q33Dx9heKRUutTav,6rYogEVj60BCIsLukpAnwr,Scarlxrd
1,0TRfxcOZaipL5neNv4YwdH,69SYuxQAcaKHdgZYFMkJaR,Waverider
1,3FaUH7ZMjW1hv9Jx6MIAIf,4Q5sPmM8j4SpMqL4UA1DtS,Lil' Flip
1,3FaUH7ZMjW1hv9Jx6MIAIf,4tAhhPPEWcszcMjhYROUvx,Lea
1,6IPEz83Ac62TEYhdzaodWl,7rSykIe3Og1NMbIV6LOeVx,CHVRN
1,4WTuaKePpHXQbQAyza2ug8,2lumbRIs61wTw0biiIAUDI,Fukkit
1,4WTuaKePpHXQbQAyza2ug8,1V2i4vrqsRUzHrv9DTizDF,Dutchman
1,0QNL0LFEePJ4xRRWUnMCI5,6bmlMHgSheBauioMgKv2tn,Powfu
1,0hXPaU2f2GSKF6qzm8K6ne,0uya6QELbHSc91t24xHUr1,gizmo
1,1c1njAtQ68ZgwkycNIDN65,5xegBBY3vjR75woVR9kiy7,Ghostface Playa
1,3pe4eISKnnOWoJIc9gaa0z,5oREZfPeedk4nyo1GpqKfU,BVRNOUT
1,3pe4eISKnnOWoJIc9gaa0z,14cxVSokfnzjWzmzeoavXb,5oh8
1,1rv8gDS7RRBKQ9smjyZPYz,5AXHArSOd9lplw0Y5Qt5Eg,Calyx & TeeBee
1,1rv8gDS7RRBKQ9smjyZPYz,4bDIa9DUALtIzx0wjzdppY,Mortlock
1,1fRZ4y6sRloUW0zbVNJUyc,6XjhlsrC3cf6en46X69rMd,Michael Fearon
1,1fRZ4y6sRloUW0zbVNJUyc,7Kn3pqrd7mAqNAbRAYllTB,Isabel Oliver
1,5oc3eXPs1Sgk5stIJXtPxJ,3uo0ix4Y67XHVWBhXXIY1S,Xavier Wulf
1,5oc3eXPs1Sgk5stIJXtPxJ,7Fx7ZCiOsh5eVpFuK25VD6,Idontknowjeffery
1,4UABAWtzMYYYyFsEuANXTp,0ZgQaqSWlv12QAgT4CdopF,Myro
1,4UABAWtzMYYYyFsEuANXTp,4jqCEZncUglElRJKDYCVIq,Bar9
1,4d4ZZl3zgY1NTGIbUaczP5,2UgphhGSlC9QWgaZWUOCkl,Franky Rizardo
1,3Qu1n0MaKSM8dpHzl6hLpX,3fHjwMnkM9ov8CozqkYxWY,Ramriddlz
1,3Qu1n0MaKSM8dpHzl6hLpX,0gCGZZ1Ibo5QsOnll977PD,KILLY
1,1jkGlmWICe5TLtGryJ98t7,361kscBTEw82NTOFS8hq0D,Tokyo Prose
1,5VO6wMt2u3SLMYUS1HqZHn,34cffv6WdKugNqZRYwIs8A,Mike Van Fabio
1,5VO6wMt2u3SLMYUS1HqZHn,7IWahSZj6TRHUDRfvTEPY4,Elles De Graaf
1,5VO6wMt2u3SLMYUS1HqZHn,4LVILrg84B7z0b1rOq7yYF,Matt Bukovski
1,2mfXGVWBC1O5daEdQnEK2C,4SPIrsUTKZNnGGxukh4hmQ,Subverso
1,2mfXGVWBC1O5daEdQnEK2C,44ZJiYyBwvzG4T52wme90c,VEGAS
1,1iOiwVWx7WggyyJA00Clj9,4AgEF49juDBIfJUoPCPncc,Badklaat
1,1iOiwVWx7WggyyJA00Clj9,7dtX3ykcuyVmts2HQnWgSP,Kompany
1,5ZaHH3LKFf80Fm1tx3Vow7,2ZZlJeWj28TKhSUw8bPwTo,Audiotec
1,3480NGhRuKeuCKSbfySVvh,4r63FhuTkUYltbVAg5TQnk,DaBaby
1,2uIxdrO5xr6Fqn6l8V4I3i,5fasubnSIOTRYlIZA17ong,Ann Clue
1,2uIxdrO5xr6Fqn6l8V4I3i,6caPJFLv1wesmM7gwK1ACy,Boris Brejcha
1,22LAwLoDA5b4AaGSkg6bKW,5zctI4wO9XSKS8XwcnqEHk,Lil Mosey
1,6djOXakQFRVgXcY5qVBmTh,2Zxy5LwBatI5kw4uponwHQ,Riot Ten
1,6djOXakQFRVgXcY5qVBmTh,286Ranmy5NZOVyIwNwAUE4,YDG
1,2nz2kaJL5Ts382FiUbm0pi,7F6nxkPQrlh4qWDetjgnpX,The Prototypes
1,0CNSsEEd6wV8RZg09SFybt,0ntlfibisyrRnv8MFRHdti,Heider
1,4E5mWUaSU1vnfp2PBPzRNN,7ynEfF5AwES4IysK0td81g,Juized
1,6l8McJSn8BgCTTewysSusR,21dooacK2WGBB5amYvKyfM,Smokepurpp
1,6l8McJSn8BgCTTewysSusR,0Y5tJX1MQlPlqiwlOH1tJY,Travis Scott
1,4ILWB5yGgyGD5I52hHSsWU,6AKWjx5wmOI3bCeLrxFjgv,Great Dane
1,5f23SzFlXJHVs2tVs6UOjn,1Uk4IDpF1OIuTzANugS5JC,Bass Modulators
1,2W58HMaCbjcUfZnZaeHtcC,20qISvAhX20dpIbOOzGK3q,Nas
1,3ctHq3dW1l745lpETPyWe2,55SDgogZ1SRUhIgmGvLyhD,Electric Universe
1,3YQ631Bt9NSjv4uOOIgP4q,2NCerM6sPl0bsa2XzOKrTY,Lost Witness
1,3YQ631Bt9NSjv4uOOIgP4q,6wmyaMNIjZ26DmwgQDWKoE,Tiff Lacey
1,3YQ631Bt9NSjv4uOOIgP4q,0JPvNwbmTynIP82ERIME26,Zetandel
1,6xMhz6QYbROAulH8e1L1BC,0bnalQqSqEwN5m5Awd1jFf,Dynamic
1,6Dfgab32CaQBEiATehVPPr,37kQjANSQM1tmkTwvB5M96,Protoculture
1,5tI57eNxfCEtLflspzJCe1,3YZPramylP3cGeVkbykhVZ,Franky Nuts
1,0hUepWE4GoMwtKgU8vE617,7ibAWtDtmEfaVhc1FJ3Vl9,Eric Bellinger
1,0hUepWE4GoMwtKgU8vE617,0uT3QSrGqBESB5s0XMa3WK,Aroc!
1,3cQTUH7nOQtxIw05GDioKU,1JIkYqcBd6oK502lNnLeid,Nikolauss
1,7ufrMiqUxD8cz6v3MUt5sc,3NJ94iuAmmMjbszODYT6pO,Subtronics
1,16iLIixDhjrx9gYaAJyM5u,0dlDsD7y6ccmDm8tuWCU6F,Freddie Dredd
1,4wO27KFXjcHgKvvse6KE6G,5SlQDGsmXtYV0tkmmhnkRx,Psyfiction
1,7edcpn56ZmtEOHAMRMVeyw,06EfEcjc0vdvI6VNL0soIO,Rameses B
1,3mTxnOaSLMtl71UAOnkjun,7ibAWtDtmEfaVhc1FJ3Vl9,Eric Bellinger
1,0HPHhlZGGBUidWeDdW7MRN,6QXqARXg4hZ3oAUitm2gU0,Julian Wassermann
1,22jncxdnLZW9ym2MbqKQrQ,4lC8Q0azW5ij2e1skZo377,Stonebank
1,5DwWqxlff3SA0EbUrT4IzA,3ipn9JLAPI5GUEo4y4jcoi,Ludacris
1,5DwWqxlff3SA0EbUrT4IzA,4gpDA7R5796e6zbvZxGNga,Shawnna
1,0WUOJgEDAWUJMFCSeELLq6,7sK4hnuUOXw6VStDw0q8NI,Hannah Wants
1,0WUOJgEDAWUJMFCSeELLq6,26OGW7G9W6HKQ3yjQ2CEkX,Eskuche
1,5nhKTXNuUK9gYaHIfGRSdC,4hhz8g2hY6WFeJEIdpXCzm,Elestu
1,1evNEqx7cBBpM4364ayDqP,07l5dehvaI0bMl8JDwKh82,Robbioso
1,2fxHgLbnvfA49pyncjVg1f,4sG9agogIDkUUMue48GVfP,Fast & Furious
1,4JhRE5Q33Dx9heKRUutTav,6rYogEVj60BCIsLukpAnwr,Scarlxrd
1,0TRfxcOZaipL5neNv4YwdH,69SYuxQAcaKHdgZYFMkJaR,Waverider
1,3FaUH7ZMjW1hv9Jx6MIAIf,4Q5sPmM8j4SpMqL4UA1DtS,Lil' Flip
1,3FaUH7ZMjW1hv9Jx6MIAIf,4tAhhPPEWcszcMjhYROUvx,Lea
1,6IPEz83Ac62TEYhdzaodWl,7rSykIe3Og1NMbIV6LOeVx,CHVRN
1,4WTuaKePpHXQbQAyza2ug8,2lumbRIs61wTw0biiIAUDI,Fukkit
1,4WTuaKePpHXQbQAyza2ug8,1V2i4vrqsRUzHrv9DTizDF,Dutchman
1,0QNL0LFEePJ4xRRWUnMCI5,6bmlMHgSheBauioMgKv2tn,Powfu
1,0hXPaU2f2GSKF6qzm8K6ne,0uya6QELbHSc91t24xHUr1,gizmo
1,1c1njAtQ68ZgwkycNIDN65,5xegBBY3vjR75woVR9kiy7,Ghostface Playa
1,3pe4eISKnnOWoJIc9gaa0z,5oREZfPeedk4nyo1GpqKfU,BVRNOUT
1,3pe4eISKnnOWoJIc9gaa0z,14cxVSokfnzjWzmzeoavXb,5oh8
1,1rv8gDS7RRBKQ9smjyZPYz,5AXHArSOd9lplw0Y5Qt5Eg,Calyx & TeeBee
1,1rv8gDS7RRBKQ9smjyZPYz,4bDIa9DUALtIzx0wjzdppY,Mortlock
1,1fRZ4y6sRloUW0zbVNJUyc,6XjhlsrC3cf6en46X69rMd,Michael Fearon
1,1fRZ4y6sRloUW0zbVNJUyc,7Kn3pqrd7mAqNAbRAYllTB,Isabel Oliver
1,5oc3eXPs1Sgk5stIJXtPxJ,3uo0ix4Y67XHVWBhXXIY1S,Xavier Wulf
1,5oc3eXPs1Sgk5stIJXtPxJ,7Fx7ZCiOsh5eVpFuK25VD6,Idontknowjeffery
1,4UABAWtzMYYYyFsEuANXTp,0ZgQaqSWlv12QAgT4CdopF,Myro
1,4UABAWtzMYYYyFsEuANXTp,4jqCEZncUglElRJKDYCVIq,Bar9
1,4d4ZZl3zgY1NTGIbUaczP5,2UgphhGSlC9QWgaZWUOCkl,Franky Rizardo
1,3Qu1n0MaKSM8dpHzl6hLpX,3fHjwMnkM9ov8CozqkYxWY,Ramriddlz
1,3Qu1n0MaKSM8dpHzl6hLpX,0gCGZZ1Ibo5QsOnll977PD,KILLY
1,1jkGlmWICe5TLtGryJ98t7,361kscBTEw82NTOFS8hq0D,Tokyo Prose
1,5VO6wMt2u3SLMYUS1HqZHn,34cffv6WdKugNqZRYwIs8A,Mike Van Fabio
1,5VO6wMt2u3SLMYUS1HqZHn,7IWahSZj6TRHUDRfvTEPY4,Elles De Graaf
1,5VO6wMt2u3SLMYUS1HqZHn,4LVILrg84B7z0b1rOq7yYF,Matt Bukovski
1,2mfXGVWBC1O5daEdQnEK2C,4SPIrsUTKZNnGGxukh4hmQ,Subverso
1,2mfXGVWBC1O5daEdQnEK2C,44ZJiYyBwvzG4T52wme90c,VEGAS
1,1iOiwVWx7WggyyJA00Clj9,4AgEF49juDBIfJUoPCPncc,Badklaat
1,1iOiwVWx7WggyyJA00Clj9,7dtX3ykcuyVmts2HQnWgSP,Kompany
1,5ZaHH3LKFf80Fm1tx3Vow7,2ZZlJeWj28TKhSUw8bPwTo,Audiotec
1,3480NGhRuKeuCKSbfySVvh,4r63FhuTkUYltbVAg5TQnk,DaBaby
1,2uIxdrO5xr6Fqn6l8V4I3i,5fasubnSIOTRYlIZA17ong,Ann Clue
1,2uIxdrO5xr6Fqn6l8V4I3i,6caPJFLv1wesmM7gwK1ACy,Boris Brejcha
1,22LAwLoDA5b4AaGSkg6bKW,5zctI4wO9XSKS8XwcnqEHk,Lil Mosey
1,6djOXakQFRVgXcY5qVBmTh,2Zxy5LwBatI5kw4uponwHQ,Riot Ten
1,6djOXakQFRVgXcY5qVBmTh,286Ranmy5NZOVyIwNwAUE4,YDG
1,2nz2kaJL5Ts382FiUbm0pi,7F6nxkPQrlh4qWDetjgnpX,The Prototypes
1,0CNSsEEd6wV8RZg09SFybt,0ntlfibisyrRnv8MFRHdti,Heider
1,4E5mWUaSU1vnfp2PBPzRNN,7ynEfF5AwES4IysK0td81g,Juized
1,6l8McJSn8BgCTTewysSusR,21dooacK2WGBB5amYvKyfM,Smokepurpp
1,6l8McJSn8BgCTTewysSusR,0Y5tJX1MQlPlqiwlOH1tJY,Travis Scott
1,4ILWB5yGgyGD5I52hHSsWU,6AKWjx5wmOI3bCeLrxFjgv,Great Dane
1,5f23SzFlXJHVs2tVs6UOjn,1Uk4IDpF1OIuTzANugS5JC,Bass Modulators
1,2W58HMaCbjcUfZnZaeHtcC,20qISvAhX20dpIbOOzGK3q,Nas
1,3ctHq3dW1l745lpETPyWe2,55SDgogZ1SRUhIgmGvLyhD,Electric Universe
1,3YQ631Bt9NSjv4uOOIgP4q,2NCerM6sPl0bsa2XzOKrTY,Lost Witness
1,3YQ631Bt9NSjv4uOOIgP4q,6wmyaMNIjZ26DmwgQDWKoE,Tiff Lacey
1,3YQ631Bt9NSjv4uOOIgP4q,0JPvNwbmTynIP82ERIME26,Zetandel
1,6xMhz6QYbROAulH8e1L1BC,0bnalQqSqEwN5m5Awd1jFf,Dynamic
1,6Dfgab32CaQBEiATehVPPr,37kQjANSQM1tmkTwvB5M96,Protoculture
1,5tI57eNxfCEtLflspzJCe1,3YZPramylP3cGeVkbykhVZ,Franky Nuts
1,0hUepWE4GoMwtKgU8vE617,7ibAWtDtmEfaVhc1FJ3Vl9,Eric Bellinger
1,0hUepWE4GoMwtKgU8vE617,0uT3QSrGqBESB5s0XMa3WK,Aroc!
1,3cQTUH7nOQtxIw05GDioKU,1JIkYqcBd6oK502lNnLeid,Nikolauss
1,7ufrMiqUxD8cz6v3MUt5sc,3NJ94iuAmmMjbszODYT6pO,Subtronics
1,16iLIixDhjrx9gYaAJyM5u,0dlDsD7y6ccmDm8tuWCU6F,Freddie Dredd
1,4wO27KFXjcHgKvvse6KE6G,5SlQDGsmXtYV0tkmmhnkRx,Psyfiction
1,7edcpn56ZmtEOHAMRMVeyw,06EfEcjc0vdvI6VNL0soIO,Rameses B
1,3mTxnOaSLMtl71UAOnkjun,7ibAWtDtmEfaVhc1FJ3Vl9,Eric Bellinger
1,0HPHhlZGGBUidWeDdW7MRN,6QXqARXg4hZ3oAUitm2gU0,Julian Wassermann
1,22jncxdnLZW9ym2MbqKQrQ,4lC8Q0azW5ij2e1skZo377,Stonebank
1,5DwWqxlff3SA0EbUrT4IzA,3ipn9JLAPI5GUEo4y4jcoi,Ludacris
1,5DwWqxlff3SA0EbUrT4IzA,4gpDA7R5796e6zbvZxGNga,Shawnna
1,0WUOJgEDAWUJMFCSeELLq6,7sK4hnuUOXw6VStDw0q8NI,Hannah Wants
1,0WUOJgEDAWUJMFCSeELLq6,26OGW7G9W6HKQ3yjQ2CEkX,Eskuche
1,5nhKTXNuUK9gYaHIfGRSdC,4hhz8g2hY6WFeJEIdpXCzm,Elestu
1,1evNEqx7cBBpM4364ayDqP,07l5dehvaI0bMl8JDwKh82,Robbioso
1,2fxHgLbnvfA49pyncjVg1f,4sG9agogIDkUUMue48GVfP,Fast & Furious
1,4JhRE5Q33Dx9heKRUutTav,6rYogEVj60BCIsLukpAnwr,Scarlxrd
1,0TRfxcOZaipL5neNv4YwdH,69SYuxQAcaKHdgZYFMkJaR,Waverider
1,3FaUH7ZMjW1hv9Jx6MIAIf,4Q5sPmM8j4SpMqL4UA1DtS,Lil' Flip
1,3FaUH7ZMjW1hv9Jx6MIAIf,4tAhhPPEWcszcMjhYROUvx,Lea
1,6IPEz83Ac62TEYhdzaodWl,7rSykIe3Og1NMbIV6LOeVx,CHVRN
1,4WTuaKePpHXQbQAyza2ug8,2lumbRIs61wTw0biiIAUDI,Fukkit
1,4WTuaKePpHXQbQAyza2ug8,1V2i4vrqsRUzHrv9DTizDF,Dutchman
1,0QNL0LFEePJ4xRRWUnMCI5,6bmlMHgSheBauioMgKv2tn,Powfu
1,0hXPaU2f2GSKF6qzm8K6ne,0uya6QELbHSc91t24xHUr1,gizmo
1,1c1njAtQ68ZgwkycNIDN65,5xegBBY3vjR75woVR9kiy7,Ghostface Playa
1,3pe4eISKnnOWoJIc9gaa0z,5oREZfPeedk4nyo1GpqKfU,BVRNOUT
1,3pe4eISKnnOWoJIc9gaa0z,14cxVSokfnzjWzmzeoavXb,5oh8
